<?xml version="1.0" encoding="UTF-8"?>
<project-private xmlns="http://www.netbeans.org/ns/project-private/1">
    <editor-bookmarks xmlns="http://www.netbeans.org/ns/editor-bookmarks/2" lastBookmarkId="0"/>
    <open-files xmlns="http://www.netbeans.org/ns/projectui-open-files/2">
        <group>
            <file>file:/C:/Users/andre/OneDrive/Documentos/NetBeansProjects/Proyecto1/src/proyecto1/Arbol.java</file>
            <file>file:/C:/Users/andre/OneDrive/Documentos/NetBeansProjects/Proyecto1/src/analizadores/Analizador_sintactico.java</file>
            <file>file:/C:/Users/andre/OneDrive/Documentos/NetBeansProjects/Proyecto1/src/analizadores/sintactico.cup</file>
            <file>file:/C:/Users/andre/OneDrive/Documentos/NetBeansProjects/Proyecto1/src/proyecto1/listaErrores.java</file>
            <file>file:/C:/Users/andre/OneDrive/Documentos/NetBeansProjects/Proyecto1/src/proyecto1/frame1.java</file>
            <file>file:/C:/Users/andre/OneDrive/Documentos/NetBeansProjects/Proyecto1/src/analizadores/lexico.jflex</file>
        </group>
    </open-files>
</project-private>
